<configs>
<insertAfter xpath="/blocks/block[@name='solarbank']">
	<block name="HDsolarbank">
		<property name="CreativeMode" value="Player"/>
		<property name="Class" value="SolarPanel"/>
		<property name="CustomIcon" value="solarbank"/>
		<property name="SlotItem" value="HDsolarCell"/>
		<property name="UnlockedBy" value="craftingElectrician"/>
		<property name="MaxPower" value="456"/>
		<property name="OutputPerStack" value="76"/>
		<property name="DescriptionKey" value="HDsolarbankDesc"/>
		<property name="DisplayType" value="blockElectricalMulti"/>
		<property name="Stacknumber" value="1"/>
		<property name="Material" value="Mmetal_weak"/>
		<property name="Shape" value="ModelEntity"/>
		<property name="Model" value="Entities/Electrical/solar_panelPrefab"/>
		<property name="ModelOffset" value=".5,.5,0"/>
		<property name="MultiBlockDim" value="4,1,1"/>
		<property name="ImposterExchange" value="imposterRamp" param1="18"/>
		<property name="WaterFlow" value="permitted"/>
		<property name="Place" value="TowardsPlacerInverted"/>
		<property name="OnlySimpleRotations" value="true"/>
		<property name="Path" value="solid"/>
		<property name="StabilitySupport" value="false"/>
		<property name="EconomicValue" value="2000"/>
		<property name="TraderStageTemplate" value="electricTier3"/>
		<property name="ActivationDistance" value="6"/>
		<property name="TakeDelay" value="15"/>
		<property class="RepairItems">
			<property name="forgedTungsten" value="15"/>
			<property name="resourceElectricParts" value="15"/>
			<property name="resourceScrapPolymers" value="6"/>
		</property>
		<drop event="Harvest" name="terrStone" count="0" tool_category="Disassemble"/>
		<drop event="Harvest" name="" count="0" tag="salvageHarvest"/>
		<drop event="Destroy" count="0"/>
		<drop event="Fall" name="scrapMetalPile" count="1" prob="0.75" stick_chance="1"/>
		<property name="SortOrder1" value="B155"/>
		<property name="SortOrder2" value="0002"/>
		<property name="Group" value="Science,TCScience"/>
		<property name="FilterTags" value="MC_playerBlocks,SC_electrical"/>
	</block>
</insertAfter>
</configs>