<configs>
<append xpath="/recipes">
<recipe name="HDsolarbank" count="1" craft_area="workbench" tags="perkAdvancedEngineering,learnable">
	<ingredient name="forgedTungsten" count="750"/>
	<ingredient name="resourceElectricParts" count="300"/>
	<ingredient name="resourceScrapPolymers" count="600"/>
	<effect_group>
		<passive_effect name="CraftingIngredientCount" level="0,1,2,3,4" operation="perc_add" value=".5,.5,.5,.3,.15" tags="forgedTungsten,resourceElectricParts,resourceScrapPolymers"/>
	</effect_group>
</recipe>

<recipe name="HDsolarCell" count="1" craft_area="workbench" tags="perkAdvancedEngineering,learnable">
	<ingredient name="forgedTungsten" count="300"/>
	<ingredient name="resourceElectricParts" count="150"/>
	<ingredient name="resourceScrapPolymers" count="350"/>
	<ingredient name="glassBlockVariantHelper" count="30"/>
	<ingredient name="resourceAcid" count="50"/>
	<effect_group>
		<passive_effect name="CraftingIngredientCount" level="0,1,2,3,4" operation="perc_add" value=".5,.5,.5,.3" tags="forgedTungsten,resourceElectricParts,resourceScrapPolymers,glassBlockVariantHelper"/>
	</effect_group>
</recipe>
</append>
</configs>